-- EXAMPLE DATA - contains real example of production data, for testing purposes

INSERT INTO public.ropidgtfs_agency (agency_fare_url, agency_id, agency_lang, agency_name, agency_phone, agency_timezone, agency_url, create_batch_id, created_at, created_by, update_batch_id, updated_at, updated_by, agency_email) VALUES (NULL, '99', 'cs', 'Pražská integrovaná doprava', '+420234704560', 'Europe/Prague', 'https://pid.cz', NULL, '2019-05-27 03:20:15.469+00', NULL, NULL, '2019-05-27 03:20:15.469+00', NULL, NULL);

WITH init_values AS (SELECT NOW()::DATE AS now_date)
INSERT INTO public.ropidgtfs_calendar (end_date, friday, monday, saturday, service_id, start_date, sunday, thursday, tuesday, wednesday, create_batch_id, created_at, created_by, update_batch_id, updated_at, updated_by) VALUES (TO_CHAR((SELECT now_date FROM init_values)+INTERVAL '7 days','YYYYMMDD'), 1, 1, 1, '1111111-1', TO_CHAR((SELECT now_date FROM init_values)-INTERVAL '1 days','YYYYMMDD'), 1, 1, 1, 1, NULL, '2019-05-27 03:20:15.632+00', NULL, NULL, '2019-05-27 03:20:15.632+00', NULL);

INSERT INTO public.ropidgtfs_routes (agency_id, is_night, route_color, route_desc, route_id, route_long_name, route_short_name, route_text_color, route_type, route_url, create_batch_id, created_at, created_by, update_batch_id, updated_at, updated_by)
VALUES ('99', '0', '00A562', NULL, 'L991', 'Nemocnice Motol - Petřiny - Skalka - Depo Hostivař', 'A', 'FFFFFF', '1', 'https://pid.cz/linka/A', NULL, '2019-05-27 03:20:15.738+00', NULL, NULL, '2019-05-27 03:20:15.738+00', NULL);

INSERT INTO public.ropidgtfs_shapes (shape_dist_traveled, shape_id, shape_pt_lat, shape_pt_lon, shape_pt_sequence, create_batch_id, created_at, created_by, update_batch_id, updated_at, updated_by) VALUES (0, 'L991V1', 50.0684100000000001, 14.5071700000000003, 1, NULL, '2019-05-27 03:21:35.159+00', NULL, NULL, '2019-05-27 03:21:35.159+00', NULL);
INSERT INTO public.ropidgtfs_shapes (shape_dist_traveled, shape_id, shape_pt_lat, shape_pt_lon, shape_pt_sequence, create_batch_id, created_at, created_by, update_batch_id, updated_at, updated_by) VALUES (0.0171299999999999994, 'L991V1', 50.0684100000000001, 14.5069300000000005, 2, NULL, '2019-05-27 03:21:35.159+00', NULL, NULL, '2019-05-27 03:21:35.159+00', NULL);
INSERT INTO public.ropidgtfs_shapes (shape_dist_traveled, shape_id, shape_pt_lat, shape_pt_lon, shape_pt_sequence, create_batch_id, created_at, created_by, update_batch_id, updated_at, updated_by) VALUES (0.132259999999999989, 'L991V1', 50.0684699999999978, 14.5053300000000007, 3, NULL, '2019-05-27 03:21:35.159+00', NULL, NULL, '2019-05-27 03:21:35.159+00', NULL);
INSERT INTO public.ropidgtfs_shapes (shape_dist_traveled, shape_id, shape_pt_lat, shape_pt_lon, shape_pt_sequence, create_batch_id, created_at, created_by, update_batch_id, updated_at, updated_by) VALUES (0.233389999999999986, 'L991V1', 50.0685700000000011, 14.5039200000000008, 4, NULL, '2019-05-27 03:21:35.159+00', NULL, NULL, '2019-05-27 03:21:35.159+00', NULL);
INSERT INTO public.ropidgtfs_shapes (shape_dist_traveled, shape_id, shape_pt_lat, shape_pt_lon, shape_pt_sequence, create_batch_id, created_at, created_by, update_batch_id, updated_at, updated_by) VALUES (0.349140000000000006, 'L991V1', 50.0687599999999975, 14.5023300000000006, 5, NULL, '2019-05-27 03:21:35.159+00', NULL, NULL, '2019-05-27 03:21:35.159+00', NULL);
INSERT INTO public.ropidgtfs_shapes (shape_dist_traveled, shape_id, shape_pt_lat, shape_pt_lon, shape_pt_sequence, create_batch_id, created_at, created_by, update_batch_id, updated_at, updated_by) VALUES (0.538039999999999963, 'L991V2', 50.0691300000000012, 14.4997600000000002, 6, NULL, '2019-05-27 03:21:35.159+00', NULL, NULL, '2019-05-27 03:21:35.159+00', NULL);
INSERT INTO public.ropidgtfs_shapes (shape_dist_traveled, shape_id, shape_pt_lat, shape_pt_lon, shape_pt_sequence, create_batch_id, created_at, created_by, update_batch_id, updated_at, updated_by) VALUES (0.597520000000000051, 'L991V3', 50.0693100000000015, 14.4989699999999999, 7, NULL, '2019-05-27 03:21:35.159+00', NULL, NULL, '2019-05-27 03:21:35.159+00', NULL);
INSERT INTO public.ropidgtfs_shapes (shape_dist_traveled, shape_id, shape_pt_lat, shape_pt_lon, shape_pt_sequence, create_batch_id, created_at, created_by, update_batch_id, updated_at, updated_by) VALUES (0.651560000000000028, 'L991V4', 50.0695600000000027, 14.4983299999999993, 8, NULL, '2019-05-27 03:21:35.159+00', NULL, NULL, '2019-05-27 03:21:35.159+00', NULL);
INSERT INTO public.ropidgtfs_shapes (shape_dist_traveled, shape_id, shape_pt_lat, shape_pt_lon, shape_pt_sequence, create_batch_id, created_at, created_by, update_batch_id, updated_at, updated_by) VALUES (0.732899999999999996, 'L991V5', 50.0699899999999971, 14.4974000000000007, 9, NULL, '2019-05-27 03:21:35.159+00', NULL, NULL, '2019-05-27 03:21:35.159+00', NULL);
INSERT INTO public.ropidgtfs_shapes (shape_dist_traveled, shape_id, shape_pt_lat, shape_pt_lon, shape_pt_sequence, create_batch_id, created_at, created_by, update_batch_id, updated_at, updated_by) VALUES (0.853840000000000043, 'L991V2', 50.0706599999999966, 14.4960799999999992, 10, NULL, '2019-05-27 03:21:35.159+00', NULL, NULL, '2019-05-27 03:21:35.159+00', NULL);

INSERT INTO public.ropidgtfs_stop_times (arrival_time, arrival_time_seconds, departure_time, departure_time_seconds, drop_off_type, pickup_type, shape_dist_traveled, stop_headsign, stop_id, stop_sequence, trip_id, create_batch_id, created_at, created_by, update_batch_id, updated_at, updated_by, timepoint) VALUES ('7:22:55', NULL, '7:22:55', NULL, '0', '0', 0, '', 'U953Z102P', 1, '991_1151_190107', NULL, '2019-05-27 03:25:47.13+00', NULL, NULL, '2019-05-27 03:25:47.13+00', NULL, NULL);
INSERT INTO public.ropidgtfs_stop_times (arrival_time, arrival_time_seconds, departure_time, departure_time_seconds, drop_off_type, pickup_type, shape_dist_traveled, stop_headsign, stop_id, stop_sequence, trip_id, create_batch_id, created_at, created_by, update_batch_id, updated_at, updated_by, timepoint) VALUES ('7:25:00', NULL, '7:25:30', NULL, '0', '0', 1.3758999999999999, '', 'U713Z102P', 2, '991_1151_190107', NULL, '2019-05-27 03:25:47.13+00', NULL, NULL, '2019-05-27 03:25:47.13+00', NULL, NULL);
INSERT INTO public.ropidgtfs_stop_times (arrival_time, arrival_time_seconds, departure_time, departure_time_seconds, drop_off_type, pickup_type, shape_dist_traveled, stop_headsign, stop_id, stop_sequence, trip_id, create_batch_id, created_at, created_by, update_batch_id, updated_at, updated_by, timepoint) VALUES ('7:27:00', NULL, '7:27:30', NULL, '1', '0', 2.60955000000000004, '', 'U921Z102P', 3, '991_1151_190107', NULL, '2019-05-27 03:25:47.13+00', NULL, NULL, '2019-05-27 03:25:47.13+00', NULL, NULL);
INSERT INTO public.ropidgtfs_stop_times (arrival_time, arrival_time_seconds, departure_time, departure_time_seconds, drop_off_type, pickup_type, shape_dist_traveled, stop_headsign, stop_id, stop_sequence, trip_id, create_batch_id, created_at, created_by, update_batch_id, updated_at, updated_by, timepoint) VALUES ('7:28:45', NULL, '7:29:05', NULL, '0', '1', 3.54618000000000011, '', 'U118Z102P', 4, '991_1151_190107', NULL, '2019-05-27 03:25:47.13+00', NULL, NULL, '2019-05-27 03:25:47.13+00', NULL, NULL);
INSERT INTO public.ropidgtfs_stop_times (arrival_time, arrival_time_seconds, departure_time, departure_time_seconds, drop_off_type, pickup_type, shape_dist_traveled, stop_headsign, stop_id, stop_sequence, trip_id, create_batch_id, created_at, created_by, update_batch_id, updated_at, updated_by, timepoint) VALUES ('7:30:15', NULL, '7:30:35', NULL, '0', '0', 4.40089000000000041, '', 'U209Z102P', 5, '991_1151_190107', NULL, '2019-05-27 03:25:47.13+00', NULL, NULL, '2019-05-27 03:25:47.13+00', NULL, NULL);
INSERT INTO public.ropidgtfs_stop_times (arrival_time, arrival_time_seconds, departure_time, departure_time_seconds, drop_off_type, pickup_type, shape_dist_traveled, stop_headsign, stop_id, stop_sequence, trip_id, create_batch_id, created_at, created_by, update_batch_id, updated_at, updated_by, timepoint) VALUES ('7:31:45', NULL, '7:32:05', NULL, '0', '0', 5.2504900000000001, '', 'U476Z102P', 6, '991_1151_190107', NULL, '2019-05-27 03:25:47.13+00', NULL, NULL, '2019-05-27 03:25:47.13+00', NULL, NULL);
INSERT INTO public.ropidgtfs_stop_times (arrival_time, arrival_time_seconds, departure_time, departure_time_seconds, drop_off_type, pickup_type, shape_dist_traveled, stop_headsign, stop_id, stop_sequence, trip_id, create_batch_id, created_at, created_by, update_batch_id, updated_at, updated_by, timepoint) VALUES ('7:33:15', NULL, '7:33:45', NULL, '0', '0', 6.10383000000000031, '', 'U400Z102P', 7, '991_1151_190107', NULL, '2019-05-27 03:25:47.13+00', NULL, NULL, '2019-05-27 03:25:47.13+00', NULL, NULL);
INSERT INTO public.ropidgtfs_stop_times (arrival_time, arrival_time_seconds, departure_time, departure_time_seconds, drop_off_type, pickup_type, shape_dist_traveled, stop_headsign, stop_id, stop_sequence, trip_id, create_batch_id, created_at, created_by, update_batch_id, updated_at, updated_by, timepoint) VALUES ('7:34:45', NULL, '7:35:15', NULL, '0', '0', 6.75666000000000011, '', 'U1072Z102P', 8, '991_1151_190107', NULL, '2019-05-27 03:25:47.13+00', NULL, NULL, '2019-05-27 03:25:47.13+00', NULL, NULL);
INSERT INTO public.ropidgtfs_stop_times (arrival_time, arrival_time_seconds, departure_time, departure_time_seconds, drop_off_type, pickup_type, shape_dist_traveled, stop_headsign, stop_id, stop_sequence, trip_id, create_batch_id, created_at, created_by, update_batch_id, updated_at, updated_by, timepoint) VALUES ('7:36:20', NULL, '7:36:40', NULL, '0', '0', 7.49417000000000044, '', 'U703Z102P', 9, '991_1151_190107', NULL, '2019-05-27 03:25:47.13+00', NULL, NULL, '2019-05-27 03:25:47.13+00', NULL, NULL);
INSERT INTO public.ropidgtfs_stop_times (arrival_time, arrival_time_seconds, departure_time, departure_time_seconds, drop_off_type, pickup_type, shape_dist_traveled, stop_headsign, stop_id, stop_sequence, trip_id, create_batch_id, created_at, created_by, update_batch_id, updated_at, updated_by, timepoint) VALUES ('7:37:45', NULL, '7:38:05', NULL, '0', '0', 8.27543000000000006, '', 'U360Z102P', 10, '991_1151_190107', NULL, '2019-05-27 03:25:47.13+00', NULL, NULL, '2019-05-27 03:25:47.13+00', NULL, NULL);
INSERT INTO public.ropidgtfs_stop_times (arrival_time, arrival_time_seconds, departure_time, departure_time_seconds, drop_off_type, pickup_type, shape_dist_traveled, stop_headsign, stop_id, stop_sequence, trip_id, create_batch_id, created_at, created_by, update_batch_id, updated_at, updated_by, timepoint) VALUES ('7:39:20', NULL, '7:39:50', NULL, '0', '0', 9.12764999999999915, '', 'U163Z102P', 11, '991_1151_190107', NULL, '2019-05-27 03:25:47.13+00', NULL, NULL, '2019-05-27 03:25:47.13+00', NULL, NULL);
INSERT INTO public.ropidgtfs_stop_times (arrival_time, arrival_time_seconds, departure_time, departure_time_seconds, drop_off_type, pickup_type, shape_dist_traveled, stop_headsign, stop_id, stop_sequence, trip_id, create_batch_id, created_at, created_by, update_batch_id, updated_at, updated_by, timepoint) VALUES ('7:41:10', NULL, '7:41:40', NULL, '0', '0', 9.95486999999999966, '', 'U321Z102P', 12, '991_1151_190107', NULL, '2019-05-27 03:25:47.13+00', NULL, NULL, '2019-05-27 03:25:47.13+00', NULL, NULL);
INSERT INTO public.ropidgtfs_stop_times (arrival_time, arrival_time_seconds, departure_time, departure_time_seconds, drop_off_type, pickup_type, shape_dist_traveled, stop_headsign, stop_id, stop_sequence, trip_id, create_batch_id, created_at, created_by, update_batch_id, updated_at, updated_by, timepoint) VALUES ('7:44:05', NULL, '7:44:25', NULL, '0', '0', 12.1394000000000002, '', 'U157Z102P', 13, '991_1151_190107', NULL, '2019-05-27 03:25:47.13+00', NULL, NULL, '2019-05-27 03:25:47.13+00', NULL, NULL);
INSERT INTO public.ropidgtfs_stop_times (arrival_time, arrival_time_seconds, departure_time, departure_time_seconds, drop_off_type, pickup_type, shape_dist_traveled, stop_headsign, stop_id, stop_sequence, trip_id, create_batch_id, created_at, created_by, update_batch_id, updated_at, updated_by, timepoint) VALUES ('7:45:50', NULL, '7:46:10', NULL, '0', '0', 13.1999700000000004, '', 'U462Z102P', 14, '991_1151_190107', NULL, '2019-05-27 03:25:47.13+00', NULL, NULL, '2019-05-27 03:25:47.13+00', NULL, NULL);
INSERT INTO public.ropidgtfs_stop_times (arrival_time, arrival_time_seconds, departure_time, departure_time_seconds, drop_off_type, pickup_type, shape_dist_traveled, stop_headsign, stop_id, stop_sequence, trip_id, create_batch_id, created_at, created_by, update_batch_id, updated_at, updated_by, timepoint) VALUES ('7:47:45', NULL, '7:48:15', NULL, '0', '0', 14.3343600000000002, '', 'U507Z102P', 15, '991_1151_190107', NULL, '2019-05-27 03:25:47.13+00', NULL, NULL, '2019-05-27 03:25:47.13+00', NULL, NULL);
INSERT INTO public.ropidgtfs_stop_times (arrival_time, arrival_time_seconds, departure_time, departure_time_seconds, drop_off_type, pickup_type, shape_dist_traveled, stop_headsign, stop_id, stop_sequence, trip_id, create_batch_id, created_at, created_by, update_batch_id, updated_at, updated_by, timepoint) VALUES ('7:50:10', NULL, '7:50:10', NULL, '0', '0', 15.8698499999999996, '', 'U306Z102P', 16, '991_1151_190107', NULL, '2019-05-27 03:25:47.13+00', NULL, NULL, '2019-05-27 03:25:47.13+00', NULL, NULL);

INSERT INTO public.ropidgtfs_stops (location_type, parent_station, platform_code, stop_id, stop_lat, stop_lon, stop_name, stop_url, wheelchair_boarding, zone_id, create_batch_id, created_at, created_by, update_batch_id, updated_at, updated_by, level_id, stop_code, stop_desc, stop_timezone) VALUES (0, 'U953S1', '2', 'U953Z102P', 50.0684400000000025, 14.5071700000000003, 'Skalka', '', 1, 'P', NULL, '2019-05-27 03:20:19.912+00', NULL, NULL, '2019-05-27 03:20:19.912+00', NULL, NULL, NULL, NULL, NULL);
INSERT INTO public.ropidgtfs_stops (location_type, parent_station, platform_code, stop_id, stop_lat, stop_lon, stop_name, stop_url, wheelchair_boarding, zone_id, create_batch_id, created_at, created_by, update_batch_id, updated_at, updated_by, level_id, stop_code, stop_desc, stop_timezone) VALUES (0, 'U713S1', '2', 'U713Z102P', 50.0733400000000017, 14.4900900000000004, 'Strašnická', '', 1, 'P', NULL, '2019-05-27 03:20:18.808+00', NULL, NULL, '2019-05-27 03:20:18.808+00', NULL, NULL, NULL, NULL, NULL);
INSERT INTO public.ropidgtfs_stops (location_type, parent_station, platform_code, stop_id, stop_lat, stop_lon, stop_name, stop_url, wheelchair_boarding, zone_id, create_batch_id, created_at, created_by, update_batch_id, updated_at, updated_by, level_id, stop_code, stop_desc, stop_timezone) VALUES (0, 'U921S1', '2', 'U921Z102P', 50.0785399999999967, 14.4748900000000003, 'Želivského', '', 2, 'P', NULL, '2019-05-27 03:20:18.808+00', NULL, NULL, '2019-05-27 03:20:18.808+00', NULL, NULL, NULL, NULL, NULL);
INSERT INTO public.ropidgtfs_stops (location_type, parent_station, platform_code, stop_id, stop_lat, stop_lon, stop_name, stop_url, wheelchair_boarding, zone_id, create_batch_id, created_at, created_by, update_batch_id, updated_at, updated_by, level_id, stop_code, stop_desc, stop_timezone) VALUES (0, 'U118S1', '2', 'U118Z102P', 50.0782900000000026, 14.4618900000000004, 'Flora', '', 2, 'P', NULL, '2019-05-27 03:20:16.491+00', NULL, NULL, '2019-05-27 03:20:16.491+00', NULL, NULL, NULL, NULL, NULL);
INSERT INTO public.ropidgtfs_stops (location_type, parent_station, platform_code, stop_id, stop_lat, stop_lon, stop_name, stop_url, wheelchair_boarding, zone_id, create_batch_id, created_at, created_by, update_batch_id, updated_at, updated_by, level_id, stop_code, stop_desc, stop_timezone) VALUES (0, 'U209S1', '2', 'U209Z102P', 50.0776400000000024, 14.4500399999999996, 'Jiřího z Poděbrad', '', 2, 'P', NULL, '2019-05-27 03:20:16.491+00', NULL, NULL, '2019-05-27 03:20:16.491+00', NULL, NULL, NULL, NULL, NULL);
INSERT INTO public.ropidgtfs_stops (location_type, parent_station, platform_code, stop_id, stop_lat, stop_lon, stop_name, stop_url, wheelchair_boarding, zone_id, create_batch_id, created_at, created_by, update_batch_id, updated_at, updated_by, level_id, stop_code, stop_desc, stop_timezone) VALUES (0, 'U476S1', '2', 'U476Z102P', 50.0754000000000019, 14.4390800000000006, 'Náměstí Míru', '', 2, 'P', NULL, '2019-05-27 03:20:17.945+00', NULL, NULL, '2019-05-27 03:20:17.945+00', NULL, NULL, NULL, NULL, NULL);
INSERT INTO public.ropidgtfs_stops (location_type, parent_station, platform_code, stop_id, stop_lat, stop_lon, stop_name, stop_url, wheelchair_boarding, zone_id, create_batch_id, created_at, created_by, update_batch_id, updated_at, updated_by, level_id, stop_code, stop_desc, stop_timezone) VALUES (0, 'U376S1', '2', 'U276Z106P', 50.0754000000000019, 14.4390800000000006, 'I.P. Pavlova', '', 2, 'P', NULL, '2019-05-27 03:20:17.945+00', NULL, NULL, '2019-05-27 03:20:17.945+00', NULL, NULL, NULL, NULL, NULL);
INSERT INTO public.ropidgtfs_stops (location_type, parent_station, platform_code, stop_id, stop_lat, stop_lon, stop_name, stop_url, wheelchair_boarding, zone_id, create_batch_id, created_at, created_by, update_batch_id, updated_at, updated_by, level_id, stop_code, stop_desc, stop_timezone) VALUES (0, 'U576S1', '2', 'U376Z105P', 50.0754000000000019, 14.4390800000000006, 'Muzeum', '', 2, 'P', NULL, '2019-05-27 03:20:17.945+00', NULL, NULL, '2019-05-27 03:20:17.945+00', NULL, NULL, NULL, NULL, NULL);
INSERT INTO public.ropidgtfs_stops (location_type, parent_station, platform_code, stop_id, stop_lat, stop_lon, stop_name, stop_url, wheelchair_boarding, zone_id, create_batch_id, created_at, created_by, update_batch_id, updated_at, updated_by, level_id, stop_code, stop_desc, stop_timezone) VALUES (0, 'U776S1', '2', 'U476Z104P', 50.0754000000000019, 14.4390800000000006, 'Dejvická', '', 2, 'P', NULL, '2019-05-27 03:20:17.945+00', NULL, NULL, '2019-05-27 03:20:17.945+00', NULL, NULL, NULL, NULL, NULL);
INSERT INTO public.ropidgtfs_stops (location_type, parent_station, platform_code, stop_id, stop_lat, stop_lon, stop_name, stop_url, wheelchair_boarding, zone_id, create_batch_id, created_at, created_by, update_batch_id, updated_at, updated_by, level_id, stop_code, stop_desc, stop_timezone) VALUES (0, 'U876S1', '2', 'U476Z103P', 50.0754000000000019, 14.4390800000000006, 'Nádraží Holešovice', '', 2, 'P', NULL, '2019-05-27 03:20:17.945+00', NULL, NULL, '2019-05-27 03:20:17.945+00', NULL, NULL, NULL, NULL, NULL);
INSERT INTO public.ropidgtfs_stops ("location_type", "parent_station", "platform_code", "stop_id", "stop_lat", "stop_lon", "stop_name", "stop_url", "wheelchair_boarding", "zone_id", "create_batch_id", "created_at", "created_by", "update_batch_id", "updated_at", "updated_by", "level_id", "stop_code", "stop_desc", "stop_timezone") VALUES (0, 'U462S1', '2', 'U462Z102P', 50.09583, 14.34836, 'Nádraží Veleslavín', '', 1, 'P', -1, '2020-12-04 12:30:26.312286+01', 'integration-engine', NULL, NULL, NULL, 'U462L3', NULL, NULL, NULL);
INSERT INTO public.ropidgtfs_stops ("location_type", "parent_station", "platform_code", "stop_id", "stop_lat", "stop_lon", "stop_name", "stop_url", "wheelchair_boarding", "zone_id", "create_batch_id", "created_at", "created_by", "update_batch_id", "updated_at", "updated_by", "level_id", "stop_code", "stop_desc", "stop_timezone") VALUES (0, 'U306S1', '', 'U306Z102P', 50.07541, 14.34152, 'Nemocnice Motol', '', 1, 'P', -1, '2020-12-04 12:30:26.312286+01', 'integration-engine', NULL, NULL, NULL, 'U306L0', NULL, NULL, NULL);
INSERT INTO public.ropidgtfs_stops ("location_type", "parent_station", "platform_code", "stop_id", "stop_lat", "stop_lon", "stop_name", "stop_url", "wheelchair_boarding", "zone_id", "create_batch_id", "created_at", "created_by", "update_batch_id", "updated_at", "updated_by", "level_id", "stop_code", "stop_desc", "stop_timezone") VALUES (1, '', '', 'U306S1', 50.07541, 14.34152, 'Nemocnice Motol', '', 1, 'P', -1, '2020-12-04 12:30:26.312286+01', 'integration-engine', NULL, NULL, NULL, '', NULL, NULL, NULL);

INSERT INTO public.ropidgtfs_trips (bikes_allowed, block_id, direction_id, exceptional, route_id, service_id, shape_id, trip_headsign, trip_id, wheelchair_accessible, create_batch_id, created_at, created_by, update_batch_id, updated_at, updated_by, trip_operation_type, trip_short_name) VALUES (1, '', 0, 0, 'L991', '1111111-1', 'L991V1', 'Nemocnice Motol', '991_1151_190107', 1, NULL, '2019-05-27 03:20:24.44+00', NULL, NULL, '2019-05-27 03:20:24.44+00', NULL, 1, '');
INSERT INTO public.ropidgtfs_trips (bikes_allowed, block_id, direction_id, exceptional, route_id, service_id, shape_id, trip_headsign, trip_id, wheelchair_accessible, create_batch_id, created_at, created_by, update_batch_id, updated_at, updated_by, trip_operation_type, trip_short_name) VALUES (1, '', 1, 0, 'L991', '1111111-1', 'L991V2', 'Depo Hostivař', '991_4_190107', 1, NULL, '2019-05-27 03:20:24.44+00', NULL, NULL, '2019-05-27 03:20:24.44+00', NULL, 1, '');
INSERT INTO public.ropidgtfs_trips (bikes_allowed, block_id, direction_id, exceptional, route_id, service_id, shape_id, trip_headsign, trip_id, wheelchair_accessible, create_batch_id, created_at, created_by, update_batch_id, updated_at, updated_by, trip_operation_type, trip_short_name) VALUES (1, '', 0, 0, 'L991', '1111111-1', 'L991V3', 'Nemocnice Motol', '991_1152_190107', 1, NULL, '2019-05-27 03:20:24.44+00', NULL, NULL, '2019-05-27 03:20:24.44+00', NULL, 1, '');
INSERT INTO public.ropidgtfs_trips (bikes_allowed, block_id, direction_id, exceptional, route_id, service_id, shape_id, trip_headsign, trip_id, wheelchair_accessible, create_batch_id, created_at, created_by, update_batch_id, updated_at, updated_by, trip_operation_type, trip_short_name) VALUES (1, '', 1, 0, 'L991', '1111111-1', 'L991V4', 'Depo Hostivař', '991_6_190107', 1, NULL, '2019-05-27 03:20:24.44+00', NULL, NULL, '2019-05-27 03:20:24.44+00', NULL, 1, '');
INSERT INTO public.ropidgtfs_trips (bikes_allowed, block_id, direction_id, exceptional, route_id, service_id, shape_id, trip_headsign, trip_id, wheelchair_accessible, create_batch_id, created_at, created_by, update_batch_id, updated_at, updated_by, trip_operation_type, trip_short_name) VALUES (1, '', 0, 0, 'L991', '1111111-1', 'L991V5', 'Nemocnice Motol', '991_1153_190107', 1, NULL, '2019-05-27 03:20:24.44+00', NULL, NULL, '2019-05-27 03:20:24.44+00', NULL, 1, '');
INSERT INTO public.ropidgtfs_trips (bikes_allowed, block_id, direction_id, exceptional, route_id, service_id, shape_id, trip_headsign, trip_id, wheelchair_accessible, create_batch_id, created_at, created_by, update_batch_id, updated_at, updated_by, trip_operation_type, trip_short_name) VALUES (1, '', 1, 0, 'L991', '1111111-1', 'L991V2', 'Depo Hostivař', '991_8_180709', 1, NULL, '2019-05-27 03:20:24.44+00', NULL, NULL, '2019-05-27 03:20:24.44+00', NULL, 1, '');
INSERT INTO public.ropidgtfs_trips (bikes_allowed, block_id, direction_id, exceptional, route_id, service_id, shape_id, trip_headsign, trip_id, wheelchair_accessible, create_batch_id, created_at, created_by, update_batch_id, updated_at, updated_by, trip_operation_type, trip_short_name) VALUES (1, '', 0, 0, 'L991', '1111111-1', 'L991V3', 'Nemocnice Motol', '991_1154_180709', 1, NULL, '2019-05-27 03:20:24.44+00', NULL, NULL, '2019-05-27 03:20:24.44+00', NULL, 1, '');
INSERT INTO public.ropidgtfs_trips (bikes_allowed, block_id, direction_id, exceptional, route_id, service_id, shape_id, trip_headsign, trip_id, wheelchair_accessible, create_batch_id, created_at, created_by, update_batch_id, updated_at, updated_by, trip_operation_type, trip_short_name) VALUES (1, '', 1, 0, 'L991', '1111111-1', 'L991V6', 'Skalka', '991_10_180709', 1, NULL, '2019-05-27 03:20:24.44+00', NULL, NULL, '2019-05-27 03:20:24.44+00', NULL, 1, '');
INSERT INTO public.ropidgtfs_trips (bikes_allowed, block_id, direction_id, exceptional, route_id, service_id, shape_id, trip_headsign, trip_id, wheelchair_accessible, create_batch_id, created_at, created_by, update_batch_id, updated_at, updated_by, trip_operation_type, trip_short_name) VALUES (1, '', 0, 0, 'L991', '1111111-1', 'L991V1', 'Nemocnice Motol', '991_1155_180709', 1, NULL, '2019-05-27 03:20:24.44+00', NULL, NULL, '2019-05-27 03:20:24.44+00', NULL, 1, '');
INSERT INTO public.ropidgtfs_trips (bikes_allowed, block_id, direction_id, exceptional, route_id, service_id, shape_id, trip_headsign, trip_id, wheelchair_accessible, create_batch_id, created_at, created_by, update_batch_id, updated_at, updated_by, trip_operation_type, trip_short_name) VALUES (1, '', 1, 0, 'L991', '1111111-1', 'L991V2', 'Depo Hostivař', '991_12_180709', 1, NULL, '2019-05-27 03:20:24.44+00', NULL, NULL, '2019-05-27 03:20:24.44+00', NULL, 1, '');

WITH init_values AS (SELECT DATE_TRUNC('minute', NOW())::TIME AS start_time, DATE_TRUNC('minute', NOW()) AS start_timestamp)
INSERT INTO public.vehiclepositions_positions (created_at, delay, delay_stop_arrival, delay_stop_departure, next_stop_id, shape_dist_traveled, is_canceled, lat, lng, origin_time, origin_timestamp, tracking, trips_id, create_batch_id, created_by, update_batch_id, updated_at, updated_by, id, bearing, cis_last_stop_id, cis_last_stop_sequence, last_stop_id, last_stop_sequence, next_stop_sequence, speed, last_stop_arrival_time, last_stop_departure_time, next_stop_arrival_time, next_stop_departure_time, state_process, state_position, this_stop_id)
VALUES (NOW(), 273, 252, NULL, 'U1942Z13', 22.7, NULL, 50.18338, 14.65627, (SELECT start_time + INTERVAL '0 seconds' FROM init_values), EXTRACT(EPOCH FROM (SELECT start_timestamp + INTERVAL '0 seconds' FROM init_values))*1000, 2, '2019-05-26T09:13:00Z_100115_115_95', NULL, NULL, NULL, NOW(), NULL, 16, NULL, NULL, NULL, NULL, NULL, NULL, NULL, NULL, NULL, NULL, NULL, NULL, NULL, NULL),
(NOW(), 57, NULL, 61, 'U967Z3P', 25.9, NULL, 50.03694, 14.56214,    (SELECT start_time + INTERVAL '11 seconds' FROM init_values), EXTRACT(EPOCH FROM (SELECT start_timestamp + INTERVAL '11 seconds' FROM init_values))*1000, 2, '2019-05-26T09:13:00Z_100115_115_95', NULL, NULL, NULL, NOW(), NULL, 2, NULL, NULL, NULL, NULL, NULL, NULL, NULL, NULL, NULL, NULL, NULL, NULL, NULL, NULL),
(NOW(), 256, 245, NULL, 'U78Z73', 36.5, NULL, 50.12662, 14.47038,   (SELECT start_time + INTERVAL '22 seconds' FROM init_values), EXTRACT(EPOCH FROM (SELECT start_timestamp + INTERVAL '22 seconds' FROM init_values))*1000, 2, '2019-05-26T09:13:00Z_100115_115_95', NULL, NULL, NULL, NOW(), NULL, 5, NULL, NULL, NULL, NULL, NULL, NULL, NULL, NULL, NULL, NULL, NULL, NULL, NULL, NULL),
(NOW(), 148, NULL, 163, 'U9871Z1', 38.7, NULL, 50.35566, 14.3611,   (SELECT start_time + INTERVAL '23 seconds' FROM init_values), EXTRACT(EPOCH FROM (SELECT start_timestamp + INTERVAL '23 seconds' FROM init_values))*1000, 2, '2019-05-26T09:13:00Z_100115_115_95', NULL, NULL, NULL, NOW(), NULL, 18, NULL, NULL, NULL, NULL, NULL, NULL, NULL, NULL, NULL, NULL, NULL, NULL, NULL, NULL),
(NOW(), 127, NULL, 83, 'U2817Z1', 39.2, NULL, 50.02875, 15.19213,   (SELECT start_time + INTERVAL '30 seconds' FROM init_values), EXTRACT(EPOCH FROM (SELECT start_timestamp + INTERVAL '30 seconds' FROM init_values))*1000, 2, '2019-05-26T09:13:00Z_100115_115_95', NULL, NULL, NULL, NOW(), NULL, 1, NULL, NULL, NULL, NULL, NULL, NULL, NULL, NULL, NULL, NULL, NULL, NULL, NULL, NULL),
(NOW(), 236, NULL, 225, 'U2349Z1', 41.2, NULL, 50.16256, 14.75678,  (SELECT start_time + INTERVAL '35 seconds' FROM init_values), EXTRACT(EPOCH FROM (SELECT start_timestamp + INTERVAL '35 seconds' FROM init_values))*1000, 2, '2019-05-26T09:13:00Z_100115_115_95', NULL, NULL, NULL, NOW(), NULL, 14, NULL, NULL, NULL, NULL, NULL, NULL, NULL, NULL, NULL, NULL, NULL, NULL, NULL, NULL),
(NOW(), 478, NULL, 497, 'U188Z1P', 43.3, NULL, 50.11107, 14.591,    (SELECT start_time + INTERVAL '40 seconds' FROM init_values), EXTRACT(EPOCH FROM (SELECT start_timestamp + INTERVAL '40 seconds' FROM init_values))*1000, 2, '2019-05-26T09:13:00Z_100115_115_95', NULL, NULL, NULL, NOW(), NULL, 6, NULL, NULL, NULL, NULL, NULL, NULL, NULL, NULL, NULL, NULL, NULL, NULL, NULL, NULL),
(NOW(), 298, NULL, 300, 'U461Z1P', 49.9, NULL, 50.03539, 14.59305,  (SELECT start_time + INTERVAL '47 seconds' FROM init_values), EXTRACT(EPOCH FROM (SELECT start_timestamp + INTERVAL '47 seconds' FROM init_values))*1000, 2, '2019-05-26T09:13:00Z_100115_115_95', NULL, NULL, NULL, NOW(), NULL, 7, NULL, NULL, NULL, NULL, NULL, NULL, NULL, NULL, NULL, NULL, NULL, NULL, NULL, NULL),
(NOW(), -21, NULL, 22, 'U2286Z1', 51.1, NULL, 50.24147, 14.31026,   (SELECT start_time + INTERVAL '48 seconds' FROM init_values), EXTRACT(EPOCH FROM (SELECT start_timestamp + INTERVAL '48 seconds' FROM init_values))*1000, 2, '2019-05-26T09:13:00Z_100115_115_95', NULL, NULL, NULL, NOW(), NULL, 4, NULL, NULL, NULL, NULL, NULL, NULL, NULL, NULL, NULL, NULL, NULL, NULL, NULL, NULL),
(NOW(), 752, 745, NULL, 'U2019Z1', 51.3, NULL, 49.96941, 14.80906,  (SELECT start_time + INTERVAL '50 seconds' FROM init_values), EXTRACT(EPOCH FROM (SELECT start_timestamp + INTERVAL '50 seconds' FROM init_values))*1000, 2, '2019-05-26T09:13:00Z_100115_115_95', NULL, NULL, NULL, NOW(), NULL, 13, NULL, NULL, NULL, NULL, NULL, NULL, NULL, NULL, NULL, NULL, NULL, NULL, NULL, NULL),
(NOW(), 31, NULL, 60, 'U337Z4', 52.3, NULL, 50.02615, 14.39524,     (SELECT start_time + INTERVAL '60 seconds' FROM init_values), EXTRACT(EPOCH FROM (SELECT start_timestamp + INTERVAL '60 seconds' FROM init_values))*1000, 2, '2019-05-26T09:13:00Z_100115_115_95', NULL, NULL, NULL, NOW(), NULL, 15, NULL, NULL, NULL, NULL, NULL, NULL, NULL, NULL, NULL, NULL, NULL, NULL, NULL, NULL),
(NOW(), 344, NULL, 310, 'U4507Z2', 56.1, NULL, 49.85952, 14.50574,  (SELECT start_time + INTERVAL '61 seconds' FROM init_values), EXTRACT(EPOCH FROM (SELECT start_timestamp + INTERVAL '61 seconds' FROM init_values))*1000, 2, '2019-05-26T09:13:00Z_100115_115_95', NULL, NULL, NULL, NOW(), NULL, 11, NULL, NULL, NULL, NULL, NULL, NULL, NULL, NULL, NULL, NULL, NULL, NULL, NULL, NULL),
(NOW(), 401, NULL, 423, 'U9162Z1', 56.9, NULL, 50.33257, 14.52904,  (SELECT start_time + INTERVAL '65 seconds' FROM init_values), EXTRACT(EPOCH FROM (SELECT start_timestamp + INTERVAL '65 seconds' FROM init_values))*1000, 2, '2019-05-26T09:13:00Z_100115_115_95', NULL, NULL, NULL, NOW(), NULL, 19, NULL, NULL, NULL, NULL, NULL, NULL, NULL, NULL, NULL, NULL, NULL, NULL, NULL, NULL),
(NOW(), 385, NULL, 390, 'U336Z2', 59.4, NULL, 50.02967, 14.60214,   (SELECT start_time + INTERVAL '70 seconds' FROM init_values), EXTRACT(EPOCH FROM (SELECT start_timestamp + INTERVAL '70 seconds' FROM init_values))*1000, 2, '2019-05-26T09:13:00Z_100115_115_95', NULL, NULL, NULL, NOW(), NULL, 9, NULL, NULL, NULL, NULL, NULL, NULL, NULL, NULL, NULL, NULL, NULL, NULL, NULL, NULL),
(NOW(), 121, NULL, 110, 'U1952Z1', 61.6, NULL, 49.83629, 14.33417,  (SELECT start_time + INTERVAL '78 seconds' FROM init_values), EXTRACT(EPOCH FROM (SELECT start_timestamp + INTERVAL '78 seconds' FROM init_values))*1000, 2, '2019-05-26T09:13:00Z_100115_115_95', NULL, NULL, NULL, NOW(), NULL, 17, NULL, NULL, NULL, NULL, NULL, NULL, NULL, NULL, NULL, NULL, NULL, NULL, NULL, NULL),
(NOW(), 267, NULL, 271, 'U4413Z2', 61.7, NULL, 50.17277, 14.1221,   (SELECT start_time + INTERVAL '100 seconds' FROM init_values), EXTRACT(EPOCH FROM (SELECT start_timestamp + INTERVAL '100 seconds' FROM init_values))*1000, 2, '2019-05-26T09:13:00Z_100115_115_95', NULL, NULL, NULL, NOW(), NULL, 8, NULL, NULL, NULL, NULL, NULL, NULL, NULL, NULL, NULL, NULL, NULL, NULL, NULL, NULL),
(NOW(), 385, NULL, 383, 'U1644Z2', 64.2, NULL, 50.03932, 14.24612,  (SELECT start_time + INTERVAL '120 seconds' FROM init_values), EXTRACT(EPOCH FROM (SELECT start_timestamp + INTERVAL '120 seconds' FROM init_values))*1000, 2, '2019-05-26T09:13:00Z_100115_115_95', NULL, NULL, NULL, NOW(), NULL, 3, NULL, NULL, NULL, NULL, NULL, NULL, NULL, NULL, NULL, NULL, NULL, NULL, NULL, NULL),
(NOW(), 566, NULL, 576, 'U1796Z1', 65.5, NULL, 50.35788, 14.47421,  (SELECT start_time + INTERVAL '125 seconds' FROM init_values), EXTRACT(EPOCH FROM (SELECT start_timestamp + INTERVAL '125 seconds' FROM init_values))*1000, 2, '2019-05-26T09:13:00Z_100115_115_95', NULL, NULL, NULL, NOW(), NULL, 12, NULL, NULL, NULL, NULL, NULL, NULL, NULL, NULL, NULL, NULL, NULL, NULL, NULL, NULL),
(NOW(), 163, NULL, 163, 'U55Z2P', 68.9, NULL, 50.13257, 14.47052,   (SELECT start_time + INTERVAL '130 seconds' FROM init_values), EXTRACT(EPOCH FROM (SELECT start_timestamp + INTERVAL '130 seconds' FROM init_values))*1000, 2, '2019-05-26T09:13:00Z_100115_115_95', NULL, NULL, NULL, NOW(), NULL, 10, NULL, NULL, NULL, NULL, NULL, NULL, NULL, NULL, NULL, NULL, NULL, NULL, NULL, NULL);

INSERT INTO public.vehiclepositions_stops (arrival_time, arrival_timestamp, cis_stop_id, cis_stop_platform_code, cis_stop_sequence, created_at, delay_arrival, delay_departure, delay_type, departure_time, departure_timestamp, updated_at, trips_id, create_batch_id, created_by, update_batch_id, updated_by, arrival_delay_type) VALUES (NULL, NULL, 56794, 'B', 2, '2019-05-26 08:43:18.51503+00', NULL, 25, 3, '11:15:00', 1558862100000, '2019-05-26 09:56:38.676097+00', '2019-05-26T09:13:00Z_100115_115_95', -1, 'integration-engine', -1, 'integration-engine', NULL);
INSERT INTO public.vehiclepositions_stops (arrival_time, arrival_timestamp, cis_stop_id, cis_stop_platform_code, cis_stop_sequence, created_at, delay_arrival, delay_departure, delay_type, departure_time, departure_timestamp, updated_at, trips_id, create_batch_id, created_by, update_batch_id, updated_by, arrival_delay_type) VALUES (NULL, NULL, 56714, 'D', 1, '2019-05-26 08:43:18.51503+00', NULL, 33, 3, '11:13:00', 1558861980000, '2019-05-26 09:56:38.676097+00', '2019-05-26T09:13:00Z_100115_115_95', -1, 'integration-engine', -1, 'integration-engine', NULL);
INSERT INTO public.vehiclepositions_stops (arrival_time, arrival_timestamp, cis_stop_id, cis_stop_platform_code, cis_stop_sequence, created_at, delay_arrival, delay_departure, delay_type, departure_time, departure_timestamp, updated_at, trips_id, create_batch_id, created_by, update_batch_id, updated_by, arrival_delay_type) VALUES (NULL, NULL, 56794, 'A', 7, '2019-05-26 08:43:18.51503+00', NULL, 91, 3, '11:23:00', 1558862580000, '2019-05-26 09:56:38.676097+00', '2019-05-26T09:13:00Z_100115_115_95', -1, 'integration-engine', -1, 'integration-engine', NULL);
INSERT INTO public.vehiclepositions_stops (arrival_time, arrival_timestamp, cis_stop_id, cis_stop_platform_code, cis_stop_sequence, created_at, delay_arrival, delay_departure, delay_type, departure_time, departure_timestamp, updated_at, trips_id, create_batch_id, created_by, update_batch_id, updated_by, arrival_delay_type) VALUES (NULL, NULL, 59066, 'A', 3, '2019-05-26 08:43:18.51503+00', NULL, 52, 3, '11:17:00', 1558862220000, '2019-05-26 09:56:38.676097+00', '2019-05-26T09:13:00Z_100115_115_95', -1, 'integration-engine', -1, 'integration-engine', NULL);
INSERT INTO public.vehiclepositions_stops (arrival_time, arrival_timestamp, cis_stop_id, cis_stop_platform_code, cis_stop_sequence, created_at, delay_arrival, delay_departure, delay_type, departure_time, departure_timestamp, updated_at, trips_id, create_batch_id, created_by, update_batch_id, updated_by, arrival_delay_type) VALUES (NULL, NULL, 58953, 'B', 5, '2019-05-26 08:43:18.51503+00', NULL, 91, 3, '11:20:00', 1558862400000, '2019-05-26 09:56:38.676097+00', '2019-05-26T09:13:00Z_100115_115_95', -1, 'integration-engine', -1, 'integration-engine', NULL);
INSERT INTO public.vehiclepositions_stops (arrival_time, arrival_timestamp, cis_stop_id, cis_stop_platform_code, cis_stop_sequence, created_at, delay_arrival, delay_departure, delay_type, departure_time, departure_timestamp, updated_at, trips_id, create_batch_id, created_by, update_batch_id, updated_by, arrival_delay_type) VALUES (NULL, NULL, 59113, 'A', 4, '2019-05-26 08:43:18.51503+00', NULL, 85, 3, '11:19:00', 1558862340000, '2019-05-26 09:56:38.676097+00', '2019-05-26T09:13:00Z_100115_115_95', -1, 'integration-engine', -1, 'integration-engine', NULL);
INSERT INTO public.vehiclepositions_stops (arrival_time, arrival_timestamp, cis_stop_id, cis_stop_platform_code, cis_stop_sequence, created_at, delay_arrival, delay_departure, delay_type, departure_time, departure_timestamp, updated_at, trips_id, create_batch_id, created_by, update_batch_id, updated_by, arrival_delay_type) VALUES ('11:25:00', 1558862700000, 56714, 'B', 8, '2019-05-26 08:43:18.51503+00', 64, NULL, 0, NULL, NULL, '2019-05-26 09:56:38.676097+00', '2019-05-26T09:13:00Z_100115_115_95', -1, 'integration-engine', -1, 'integration-engine', NULL);
INSERT INTO public.vehiclepositions_stops (arrival_time, arrival_timestamp, cis_stop_id, cis_stop_platform_code, cis_stop_sequence, created_at, delay_arrival, delay_departure, delay_type, departure_time, departure_timestamp, updated_at, trips_id, create_batch_id, created_by, update_batch_id, updated_by, arrival_delay_type) VALUES (NULL, NULL, 58789, 'A', 6, '2019-05-26 08:43:18.51503+00', NULL, 63, 3, '11:22:00', 1558862520000, '2019-05-26 09:56:38.676097+00', '2019-05-26T09:13:00Z_100115_115_95', -1, 'integration-engine', -1, 'integration-engine', NULL);

WITH init_values AS (SELECT DATE_TRUNC('minute', NOW())::TIME AS start_time, DATE_TRUNC('minute', NOW()) AS start_timestamp)
INSERT INTO public.vehiclepositions_trips (cis_line_id, cis_trip_number, sequence_id, cis_line_short_name, created_at, gtfs_route_id, gtfs_route_short_name, gtfs_trip_id, id, updated_at, start_cis_stop_id, start_cis_stop_platform_code, start_time, start_timestamp, vehicle_type_id, wheelchair_accessible, create_batch_id, created_by, update_batch_id, updated_by, agency_name_scheduled, origin_route_name, agency_name_real, vehicle_registration_number, gtfs_trip_headsign, gtfs_route_type, last_position_id)
VALUES (100115, 95, 39, '115', '2019-05-26 08:43:16.991+00', 'L115', '115', '115_107_180501', '2019-05-26T09:13:00Z_100115_115_95', '2019-05-26 09:56:37.275+00', 56714, 'D', (SELECT start_time - INTERVAL '10 minutes' FROM init_values), EXTRACT(EPOCH FROM (SELECT start_timestamp - INTERVAL '10 minutes' FROM init_values))*1000, 3, true, NULL, NULL, NULL, NULL, 'ARRIVA City', 433, 'ARRIVA City', 8581, NULL, 1, 10);

WITH init_values AS (SELECT NOW()::DATE AS now_date)
INSERT INTO public.ropidgtfs_calendar_dates (date, exception_type, service_id, create_batch_id, created_at, created_by, update_batch_id, updated_at, updated_by)
VALUES (TO_CHAR((SELECT now_date FROM init_values)+INTERVAL '2 days','YYYY-MM-DD'),	2,	'1111111-1',	NULL,	NULL,	NULL,	NULL,	NULL,	NULL),
(TO_CHAR((SELECT now_date FROM init_values)+INTERVAL '14 days','YYYY-MM-DD'),	1,	'1111111-1',	NULL,	NULL,	NULL,	NULL,	NULL,	NULL);

REFRESH MATERIALIZED VIEW "v_ropidgtfs_services_first14days";
REFRESH MATERIALIZED VIEW "v_ropidgtfs_trips_minmaxsequences";

INSERT INTO "bicyclecounters_locations" ("id", "vendor_id", "lat", "lng", "name", "route", "create_batch_id", "created_at", "created_by", "update_batch_id", "updated_at", "updated_by") VALUES
('camea-BC_VK-HRUP',	'BC_VK-HRUP',	50.089491724101,	14.460735619068,	'Drážní stezka - Vítkov',	'A 25',	NULL,	'2020-01-17 12:25:08.322+00',	NULL,	NULL,	'2020-03-22 14:50:01.167+00',	NULL),
('camea-BC_VS-CE',	'BC_VS-CE',	50.0704264,	14.3857008,	'Košíře',	'A 14',	NULL,	'2020-01-17 12:25:08.322+00',	NULL,	NULL,	'2020-03-22 14:50:01.167+00',	NULL),
('camea-BC_ZA-KLBO',	'BC_ZA-KLBO',	50.1433144,	14.3993322,	'V Zámcích',	'A2',	NULL,	'2020-01-17 12:25:08.322+00',	NULL,	NULL,	'2020-03-22 14:50:01.167+00',	NULL);

INSERT INTO "bicyclecounters_directions" ("id", "vendor_id", "locations_id", "name", "create_batch_id", "created_at", "created_by", "update_batch_id", "updated_at", "updated_by") VALUES
('camea-BC_VK-HR',	'BC_VK-HR',	'camea-BC_VK-HRUP',	'Hrdlořezy',	NULL,	'2020-01-17 12:25:09.767+00',	NULL,	NULL,	'2020-03-22 14:50:01.398+00',	NULL),
('camea-BC_VK-UP',	'BC_VK-UP',	'camea-BC_VK-HRUP',	'U památníku',	NULL,	'2020-01-17 12:25:09.767+00',	NULL,	NULL,	'2020-03-22 14:50:01.398+00',	NULL),
('camea-BC_VS-CE',	'BC_VS-CE',	'camea-BC_VS-CE',	'centrum',	NULL,	'2020-01-17 12:25:09.767+00',	NULL,	NULL,	'2020-03-22 14:50:01.399+00',	NULL),
('camea-BC_ZA-KL',	'BC_ZA-KL',	'camea-BC_ZA-KLBO',	'Klecany',	NULL,	'2020-01-17 12:25:09.767+00',	NULL,	NULL,	'2020-03-22 14:50:01.399+00',	NULL),
('camea-BC_ZA-BO',	'BC_ZA-BO',	'camea-BC_ZA-KLBO',	'Bohnice',	NULL,	'2020-01-17 12:25:09.767+00',	NULL,	NULL,	'2020-03-22 14:50:01.399+00',	NULL);

INSERT INTO "bicyclecounters_detections" ("locations_id", "directions_id", "measured_from", "measured_to", "value", "create_batch_id", "created_at", "created_by", "update_batch_id", "updated_at", "updated_by", "value_pedestrians") VALUES
('camea-BC_VK-HRUP',	'camea-BC_VK-HR',	1584183300000,	1584183600000,	4,	-1,	'2020-03-14 11:05:06.852411+00',	'integration-engine',	-1,	'2020-03-15 04:00:20.646195+00',	'integration-engine',	2),
('camea-BC_ZA-KLBO',	'camea-BC_ZA-KL',	1584183000000,	1584183300000,	3,	-1,	'2020-03-14 11:00:27.856626+00',	'integration-engine',	-1,	'2020-03-15 04:00:21.650912+00',	'integration-engine',	3),
('camea-BC_VK-HRUP',	'camea-BC_VK-UP',	1584183000000,	1584183300000,	4,	-1,	'2020-03-14 11:00:26.857761+00',	'integration-engine',	-1,	'2020-03-15 04:00:20.646195+00',	'integration-engine',	1),
('camea-BC_ZA-KLBO',	'camea-BC_ZA-BO',	1584182700000,	1584183000000,	5,	-1,	'2020-03-14 10:55:07.65846+00',	'integration-engine',	-1,	'2020-03-15 04:00:21.650912+00',	'integration-engine',	NULL),
('camea-BC_ZA-KLBO',	'camea-BC_ZA-KL',	1584182700000,	1584183000000,	10,	-1,	'2020-03-14 10:55:07.65846+00',	'integration-engine',	-1,	'2020-03-15 04:00:21.650912+00',	'integration-engine',	2),
('camea-BC_ZA-KLBO',	'camea-BC_ZA-KL',	1584182400000,	1584182700000,	3,	-1,	'2020-03-14 10:50:07.448117+00',	'integration-engine',	-1,	'2020-03-15 04:00:21.650912+00',	'integration-engine',	1),
('camea-BC_ZA-KLBO',	'camea-BC_ZA-KL',	1584182100000,	1584182400000,	11,	-1,	'2020-03-14 10:45:07.338274+00',	'integration-engine',	-1,	'2020-03-15 04:00:21.650912+00',	'integration-engine',	2),
('camea-BC_ZA-KLBO',	'camea-BC_ZA-KL',	1584181800000,	1584182100000,	6,	-1,	'2020-03-14 10:40:06.557032+00',	'integration-engine',	-1,	'2020-03-15 04:00:21.650912+00',	'integration-engine',	7),
('camea-BC_VK-HRUP',	'camea-BC_VK-UP',	1584181800000,	1584182100000,	5,	-1,	'2020-03-14 10:40:05.777015+00',	'integration-engine',	-1,	'2020-03-15 04:00:20.646195+00',	'integration-engine',	8),
('camea-BC_ZA-KLBO',	'camea-BC_ZA-KL',	1584181200000,	1584181500000,	4,	-1,	'2020-03-14 10:30:08.810805+00',	'integration-engine',	-1,	'2020-03-15 04:00:21.650912+00',	'integration-engine',	1),
('camea-BC_VK-HRUP',	'camea-BC_VK-UP',	1584181200000,	1584181500000,	6,	-1,	'2020-03-14 10:30:07.938707+00',	'integration-engine',	-1,	'2020-03-15 04:00:20.646195+00',	'integration-engine',	0),
('camea-BC_ZA-KLBO',	'camea-BC_ZA-KL',	1584180900000,	1584181200000,	4,	-1,	'2020-03-14 10:25:06.850141+00',	'integration-engine',	-1,	'2020-03-15 04:00:21.650912+00',	'integration-engine',	2),
('camea-BC_ZA-KLBO',	'camea-BC_ZA-KL',	1584180600000,	1584180900000,	4,	-1,	'2020-03-14 10:20:06.842241+00',	'integration-engine',	-1,	'2020-03-15 04:00:21.650912+00',	'integration-engine',	1),
('camea-BC_ZA-KLBO',	'camea-BC_ZA-BO',	1584180300000,	1584180600000,	4,	-1,	'2020-03-14 10:15:07.775845+00',	'integration-engine',	-1,	'2020-03-15 04:00:21.650912+00',	'integration-engine',	1),
('camea-BC_ZA-KLBO',	'camea-BC_ZA-KL',	1584180300000,	1584180600000,	6,	-1,	'2020-03-14 10:15:07.775845+00',	'integration-engine',	-1,	'2020-03-15 04:00:21.650912+00',	'integration-engine',	4),
('camea-BC_ZA-KLBO',	'camea-BC_ZA-KL',	1584180000000,	1584180300000,	4,	-1,	'2020-03-14 10:10:07.418647+00',	'integration-engine',	-1,	'2020-03-15 04:00:21.650912+00',	'integration-engine',	1),
('camea-BC_VK-HRUP',	'camea-BC_VK-UP',	1584180000000,	1584180300000,	3,	-1,	'2020-03-14 10:10:06.659036+00',	'integration-engine',	-1,	'2020-03-15 04:00:20.646195+00',	'integration-engine',	7),
('camea-BC_ZA-KLBO',	'camea-BC_ZA-KL',	1584179700000,	1584180000000,	5,	-1,	'2020-03-14 10:05:07.293445+00',	'integration-engine',	-1,	'2020-03-15 04:00:21.650912+00',	'integration-engine',	2),
('camea-BC_ZA-KLBO',	'camea-BC_ZA-KL',	1584179400000,	1584179700000,	4,	-1,	'2020-03-14 10:00:09.034003+00',	'integration-engine',	-1,	'2020-03-15 04:00:21.650912+00',	'integration-engine',	2),
('camea-BC_ZA-KLBO',	'camea-BC_ZA-KL',	1584179100000,	1584179400000,	5,	-1,	'2020-03-14 09:55:06.595799+00',	'integration-engine',	-1,	'2020-03-15 04:00:21.650912+00',	'integration-engine',	1),
('camea-BC_ZA-KLBO',	'camea-BC_ZA-KL',	1584178800000,	1584179100000,	6,	-1,	'2020-03-14 09:50:08.878222+00',	'integration-engine',	-1,	'2020-03-15 04:00:21.650912+00',	'integration-engine',	0),
('camea-BC_VK-HRUP',	'camea-BC_VK-HR',	1584178800000,	1584179100000,	3,	-1,	'2020-03-14 09:50:08.235704+00',	'integration-engine',	-1,	'2020-03-15 04:00:20.646195+00',	'integration-engine',	2),
('camea-BC_VK-HRUP',	'camea-BC_VK-UP',	1584178800000,	1584179100000,	3,	-1,	'2020-03-14 09:50:08.235704+00',	'integration-engine',	-1,	'2020-03-15 04:00:20.646195+00',	'integration-engine',	0),
('camea-BC_ZA-KLBO',	'camea-BC_ZA-KL',	1584178500000,	1584178800000,	3,	-1,	'2020-03-14 09:45:07.985855+00',	'integration-engine',	-1,	'2020-03-15 04:00:21.650912+00',	'integration-engine',	1),
('camea-BC_ZA-KLBO',	'camea-BC_ZA-BO',	1584178500000,	1584178800000,	4,	-1,	'2020-03-14 09:45:07.985855+00',	'integration-engine',	-1,	'2020-03-15 04:00:21.650912+00',	'integration-engine',	NULL),
('camea-BC_VK-HRUP',	'camea-BC_VK-UP',	1584178500000,	1584178800000,	3,	-1,	'2020-03-14 09:45:06.935666+00',	'integration-engine',	-1,	'2020-03-15 04:00:20.646195+00',	'integration-engine',	1),
('camea-BC_ZA-KLBO',	'camea-BC_ZA-KL',	1584178200000,	1584178500000,	4,	-1,	'2020-03-14 09:40:07.268232+00',	'integration-engine',	-1,	'2020-03-15 04:00:21.650912+00',	'integration-engine',	2),
('camea-BC_ZA-KLBO',	'camea-BC_ZA-KL',	1584177900000,	1584178200000,	3,	-1,	'2020-03-14 09:35:07.008885+00',	'integration-engine',	-1,	'2020-03-15 04:00:21.650912+00',	'integration-engine',	0),
('camea-BC_VK-HRUP',	'camea-BC_VK-HR',	1584177900000,	1584178200000,	3,	-1,	'2020-03-14 09:35:06.531007+00',	'integration-engine',	-1,	'2020-03-15 04:00:20.646195+00',	'integration-engine',	3);

INSERT INTO "bicyclecounters_temperatures" ("locations_id", "measured_from", "measured_to", "value", "create_batch_id", "created_at", "created_by", "update_batch_id", "updated_at", "updated_by") VALUES
('camea-BC_VK-HRUP',	1584177600000,	1584177900000,	10,	-1,	'2020-03-14 09:30:09.629185+00',	'integration-engine',	-1,	'2020-03-15 04:00:20.835272+00',	'integration-engine'),
('camea-BC_VK-HRUP',	1584177900000,	1584178200000,	10,	-1,	'2020-03-14 09:35:06.555745+00',	'integration-engine',	-1,	'2020-03-15 04:00:20.835272+00',	'integration-engine'),
('camea-BC_VK-HRUP',	1584178200000,	1584178500000,	10,	-1,	'2020-03-14 09:40:06.616807+00',	'integration-engine',	-1,	'2020-03-15 04:00:20.835272+00',	'integration-engine'),
('camea-BC_VK-HRUP',	1584178500000,	1584178800000,	10,	-1,	'2020-03-14 09:45:06.961899+00',	'integration-engine',	-1,	'2020-03-15 04:00:20.835272+00',	'integration-engine'),
('camea-BC_VK-HRUP',	1584178800000,	1584179100000,	10,	-1,	'2020-03-14 09:50:08.255987+00',	'integration-engine',	-1,	'2020-03-15 04:00:20.835272+00',	'integration-engine'),
('camea-BC_VK-HRUP',	1584179100000,	1584179400000,	10,	-1,	'2020-03-14 09:55:06.0094+00',	'integration-engine',	-1,	'2020-03-15 04:00:20.835272+00',	'integration-engine'),
('camea-BC_VK-HRUP',	1584179400000,	1584179700000,	10,	-1,	'2020-03-14 10:00:08.42887+00',	'integration-engine',	-1,	'2020-03-15 04:00:20.835272+00',	'integration-engine'),
('camea-BC_VK-HRUP',	1584179700000,	1584180000000,	10,	-1,	'2020-03-14 10:05:06.687607+00',	'integration-engine',	-1,	'2020-03-15 04:00:20.835272+00',	'integration-engine'),
('camea-BC_VK-HRUP',	1584180000000,	1584180300000,	10,	-1,	'2020-03-14 10:10:06.682393+00',	'integration-engine',	-1,	'2020-03-15 04:00:20.835272+00',	'integration-engine'),
('camea-BC_VK-HRUP',	1584180300000,	1584180600000,	11,	-1,	'2020-03-14 10:15:07.093541+00',	'integration-engine',	-1,	'2020-03-15 04:00:20.835272+00',	'integration-engine'),
('camea-BC_VK-HRUP',	1584180600000,	1584180900000,	11,	-1,	'2020-03-14 10:20:06.062893+00',	'integration-engine',	-1,	'2020-03-15 04:00:20.835272+00',	'integration-engine'),
('camea-BC_VK-HRUP',	1584180900000,	1584181200000,	11,	-1,	'2020-03-14 10:25:06.149189+00',	'integration-engine',	-1,	'2020-03-15 04:00:20.835272+00',	'integration-engine'),
('camea-BC_VK-HRUP',	1584181200000,	1584181500000,	10,	-1,	'2020-03-14 10:30:07.980846+00',	'integration-engine',	-1,	'2020-03-15 04:00:20.835272+00',	'integration-engine'),
('camea-BC_VK-HRUP',	1584181500000,	1584181800000,	10,	-1,	'2020-03-14 10:35:07.920386+00',	'integration-engine',	-1,	'2020-03-15 04:00:20.835272+00',	'integration-engine'),
('camea-BC_VK-HRUP',	1584181800000,	1584182100000,	10,	-1,	'2020-03-14 10:40:05.805547+00',	'integration-engine',	-1,	'2020-03-15 04:00:20.835272+00',	'integration-engine'),
('camea-BC_VK-HRUP',	1584182100000,	1584182400000,	10,	-1,	'2020-03-14 10:45:06.742474+00',	'integration-engine',	-1,	'2020-03-15 04:00:20.835272+00',	'integration-engine'),
('camea-BC_VK-HRUP',	1584182400000,	1584182700000,	10,	-1,	'2020-03-14 10:50:06.341474+00',	'integration-engine',	-1,	'2020-03-15 04:00:20.835272+00',	'integration-engine'),
('camea-BC_VK-HRUP',	1584182700000,	1584183000000,	11,	-1,	'2020-03-14 10:55:06.858758+00',	'integration-engine',	-1,	'2020-03-15 04:00:20.835272+00',	'integration-engine'),
('camea-BC_VK-HRUP',	1584183000000,	1584183300000,	10,	-1,	'2020-03-14 11:00:26.877299+00',	'integration-engine',	-1,	'2020-03-15 04:00:20.835272+00',	'integration-engine'),
('camea-BC_VK-HRUP',	1584183300000,	1584183600000,	11,	-1,	'2020-03-14 11:05:06.872869+00',	'integration-engine',	-1,	'2020-03-15 04:00:20.835272+00',	'integration-engine'),
('camea-BC_ZA-KLBO',	1584178200000,	1584178500000,	10,	-1,	'2020-03-14 09:40:07.290585+00',	'integration-engine',	-1,	'2020-03-15 04:00:21.740315+00',	'integration-engine'),
('camea-BC_ZA-KLBO',	1584178500000,	1584178800000,	10,	-1,	'2020-03-14 09:45:08.015288+00',	'integration-engine',	-1,	'2020-03-15 04:00:21.740315+00',	'integration-engine'),
('camea-BC_ZA-KLBO',	1584179400000,	1584179700000,	10,	-1,	'2020-03-14 10:00:09.070265+00',	'integration-engine',	-1,	'2020-03-15 04:00:21.740315+00',	'integration-engine'),
('camea-BC_ZA-KLBO',	1584179700000,	1584180000000,	10,	-1,	'2020-03-14 10:05:07.319131+00',	'integration-engine',	-1,	'2020-03-15 04:00:21.740315+00',	'integration-engine'),
('camea-BC_ZA-KLBO',	1584180000000,	1584180300000,	10,	-1,	'2020-03-14 10:10:07.440586+00',	'integration-engine',	-1,	'2020-03-15 04:00:21.740315+00',	'integration-engine'),
('camea-BC_ZA-KLBO',	1584180300000,	1584180600000,	10,	-1,	'2020-03-14 10:15:07.797602+00',	'integration-engine',	-1,	'2020-03-15 04:00:21.740315+00',	'integration-engine'),
('camea-BC_ZA-KLBO',	1584180600000,	1584180900000,	10,	-1,	'2020-03-14 10:20:06.882923+00',	'integration-engine',	-1,	'2020-03-15 04:00:21.740315+00',	'integration-engine'),
('camea-BC_ZA-KLBO',	1584180900000,	1584181200000,	10,	-1,	'2020-03-14 10:25:07.099943+00',	'integration-engine',	-1,	'2020-03-15 04:00:21.740315+00',	'integration-engine'),
('camea-BC_ZA-KLBO',	1584181200000,	1584181500000,	11,	-1,	'2020-03-14 10:30:08.835391+00',	'integration-engine',	-1,	'2020-03-15 04:00:21.740315+00',	'integration-engine'),
('camea-BC_ZA-KLBO',	1584181500000,	1584181800000,	11,	-1,	'2020-03-14 10:35:08.573236+00',	'integration-engine',	-1,	'2020-03-15 04:00:21.740315+00',	'integration-engine'),
('camea-BC_ZA-KLBO',	1584181800000,	1584182100000,	11,	-1,	'2020-03-14 10:40:06.581227+00',	'integration-engine',	-1,	'2020-03-15 04:00:21.740315+00',	'integration-engine'),
('camea-BC_ZA-KLBO',	1584182100000,	1584182400000,	11,	-1,	'2020-03-14 10:45:07.361461+00',	'integration-engine',	-1,	'2020-03-15 04:00:21.740315+00',	'integration-engine'),
('camea-BC_ZA-KLBO',	1584182400000,	1584182700000,	11,	-1,	'2020-03-14 10:50:07.481585+00',	'integration-engine',	-1,	'2020-03-15 04:00:21.740315+00',	'integration-engine'),
('camea-BC_ZA-KLBO',	1584182700000,	1584183000000,	10,	-1,	'2020-03-14 10:55:07.679932+00',	'integration-engine',	-1,	'2020-03-15 04:00:21.740315+00',	'integration-engine'),
('camea-BC_ZA-KLBO',	1584183000000,	1584183300000,	11,	-1,	'2020-03-14 11:00:27.87918+00',	'integration-engine',	-1,	'2020-03-15 04:00:21.740315+00',	'integration-engine'),
('camea-BC_ZA-KLBO',	1584183300000,	1584183600000,	11,	-1,	'2020-03-14 11:05:07.83522+00',	'integration-engine',	-1,	'2020-03-15 04:00:21.740315+00',	'integration-engine');


-- >>> FOR STOPS ASW & CIS PARAMS TESTS

INSERT INTO "ropidgtfs_stops" ("location_type", "parent_station", "platform_code", "stop_id", "stop_lat", "stop_lon", "stop_name", "stop_url", "wheelchair_boarding", "zone_id", "create_batch_id", "created_at", "created_by", "update_batch_id", "updated_at", "updated_by", "level_id", "stop_code", "stop_desc", "stop_timezone") VALUES
(0,	'',	'A',	'U286Z1P',	50.03046,	14.52744,	'Háje',	'',	0,	'P',	-1,	'2020-11-19 12:30:36.671771+01',	'integration-engine',	NULL,	NULL,	NULL,	'',	NULL,	NULL,	NULL),
(0,	'',	'B',	'U286Z2P',	50.03045,	14.527,	'Háje',	'',	0,	'P',	-1,	'2020-11-19 12:30:36.671771+01',	'integration-engine',	NULL,	NULL,	NULL,	'',	NULL,	NULL,	NULL),
(0,	'',	'C',	'U286Z3P',	50.03038,	14.52585,	'Háje',	'',	0,	'P',	-1,	'2020-11-19 12:30:36.671771+01',	'integration-engine',	NULL,	NULL,	NULL,	'',	NULL,	NULL,	NULL),
(0,	'',	'D',	'U286Z4',	50.03036,	14.52538,	'Háje',	'',	0,	'0',	-1,	'2020-11-19 12:30:36.671771+01',	'integration-engine',	NULL,	NULL,	NULL,	'',	NULL,	NULL,	NULL),
(0,	'',	'E',	'U286Z5P',	50.03028,	14.52752,	'Háje',	'',	0,	'P',	-1,	'2020-11-19 12:30:36.671771+01',	'integration-engine',	NULL,	NULL,	NULL,	'',	NULL,	NULL,	NULL),
(0,	'',	'C',	'U286Z13P',	50.03038,	14.52585,	'Háje',	'',	0,	'P',	-1,	'2020-11-19 12:30:36.671771+01',	'integration-engine',	NULL,	NULL,	NULL,	'',	NULL,	NULL,	NULL),
(0,	'',	'B',	'U286Z72',	50.03045,	14.527,	'Háje',	'',	0,	'0',	-1,	'2020-11-19 12:30:36.671771+01',	'integration-engine',	NULL,	NULL,	NULL,	'',	NULL,	NULL,	NULL),
(0,	'U286S1',	'1',	'U286Z101P',	50.03083,	14.52696,	'Háje',	'',	1,	'P',	-1,	'2020-11-19 12:30:36.671771+01',	'integration-engine',	NULL,	NULL,	NULL,	'U286L2',	NULL,	NULL,	NULL),
(0,	'U286S1',	'2',	'U286Z102P',	50.03074,	14.52698,	'Háje',	'',	1,	'P',	-1,	'2020-11-19 12:30:36.671771+01',	'integration-engine',	NULL,	NULL,	NULL,	'U286L2',	NULL,	NULL,	NULL);

INSERT INTO "ropidgtfs_cis_stops" ("altIdosName", "cis", "id", "jtskX", "jtskY", "lat", "lon", "platform", "created_at", "wheelchairAccess", "zone", "create_batch_id", "created_by", "update_batch_id", "updated_at", "updated_by") VALUES
('Háje (ul. Opatovská)',	55083,	'286/1',	-736136.5,	-1050325.75,	50.03046,	14.527442,	'A',	'2020-11-20 12:30:11.942+01',	'unknown',	'P',	NULL,	NULL,	NULL,	'2020-11-20 12:30:11.942+01',	NULL),
('Háje',	55083,	'286/2',	-736168.4,	-1050322.63,	50.03045,	14.5269957,	'B',	'2020-11-20 12:30:11.942+01',	'unknown',	'P,0',	NULL,	NULL,	NULL,	'2020-11-20 12:30:11.942+01',	NULL),
('Háje',	55083,	'286/3',	-736250.9,	-1050318.63,	50.0303841,	14.5258474,	'C',	'2020-11-20 12:30:11.942+01',	'unknown',	'P',	NULL,	NULL,	NULL,	'2020-11-20 12:30:11.942+01',	NULL),
('Háje',	55083,	'286/4',	-736284.5,	-1050316.5,	50.03036,	14.5253782,	'D',	'2020-11-20 12:30:11.942+01',	'unknown',	'P,0',	NULL,	NULL,	NULL,	'2020-11-20 12:30:11.942+01',	NULL),
('Háje (ul. Opatovská)',	55083,	'286/5',	-736133.438,	-1050346.13,	50.03028,	14.527523,	'E',	'2020-11-20 12:30:11.942+01',	'unknown',	'P,0',	NULL,	NULL,	NULL,	'2020-11-20 12:30:11.942+01',	NULL),
('Háje',	55083,	'286/13',	-736250.9,	-1050318.63,	50.0303841,	14.5258474,	'C',	'2020-11-20 12:30:11.942+01',	'unknown',	'P',	NULL,	NULL,	NULL,	'2020-11-20 12:30:11.942+01',	NULL),
('Háje',	55083,	'286/72',	-736168.4,	-1050322.63,	50.03045,	14.5269957,	'B',	'2020-11-20 12:30:11.942+01',	'unknown',	'0',	NULL,	NULL,	NULL,	'2020-11-20 12:30:11.942+01',	NULL),
('Háje',	55083,	'286/101',	-736215.063,	-1050281.63,	50.0307579,	14.5262728,	'M1',	'2020-11-20 12:30:11.942+01',	'possible',	'P',	NULL,	NULL,	NULL,	'2020-11-20 12:30:11.942+01',	NULL),
('Háje',	55083,	'286/102',	-736114.75,	-1050289.25,	50.03081,	14.5276747,	'M2',	'2020-11-20 12:30:11.942+01',	'possible',	'P',	NULL,	NULL,	NULL,	'2020-11-20 12:30:11.942+01',	NULL);

-- <<<


-- >>> SPECIAL CASE WITH RENAMING STOPS
-- first origin, second with suffix _DATE in stop_id with changed attribute, i.e. stop_name

INSERT INTO "ropidgtfs_cis_stops" ("altIdosName", "cis", "id", "jtskX", "jtskY", "lat", "lon", "platform", "created_at", "wheelchairAccess", "zone", "create_batch_id", "created_by", "update_batch_id", "updated_at", "updated_by") VALUES
('Fučíkova',	27878,	'115/101',	-741166.3,	-1040788.06,	50.1092949,	14.4397736,	'M1',	'2020-11-26 12:30:18.675+01',	'possible',	'P',	NULL,	NULL,	NULL,	'2020-11-26 12:30:18.675+01',	NULL),
('Fučíkova',	27878,	'115/102',	-741135.438,	-1040877.69,	50.1085358,	14.4403725,	'M2',	'2020-11-26 12:30:18.675+01',	'possible',	'P',	NULL,	NULL,	NULL,	'2020-11-26 12:30:18.675+01',	NULL);

INSERT INTO "ropidgtfs_stops" ("location_type", "parent_station", "platform_code", "stop_id", "stop_lat", "stop_lon", "stop_name", "stop_url", "wheelchair_boarding", "zone_id", "create_batch_id", "created_at", "created_by", "update_batch_id", "updated_at", "updated_by", "level_id", "stop_code", "stop_desc", "stop_timezone") VALUES
(0,	'U115S1',	'1',	'U115Z101P',	50.10896,	14.44016,	'Fučíkova',	'',	1,	'P',	-1,	'2020-11-24 12:30:42.560064+01',	'integration-engine',	NULL,	NULL,	NULL,	'U115L1',	NULL,	NULL,	NULL),
(0,	'U115S1',	'2',	'U115Z102P',	50.10892,	14.44002,	'Fučíkova',	'',	1,	'P',	-1,	'2020-11-24 12:30:42.560064+01',	'integration-engine',	NULL,	NULL,	NULL,	'U115L1',	NULL,	NULL,	NULL),
(0,	'U115S1',	'1',	'U115Z101P_900222',	50.10896,	14.44016,	'Nádraží Holešovice',	'',	1,	'P',	-1,	'2020-11-24 12:30:42.560064+01',	'integration-engine',	NULL,	NULL,	NULL,	'U115L1',	NULL,	NULL,	NULL),
(0,	'U115S1',	'2',	'U115Z102P_900222',	50.10892,	14.44002,	'Nádraží Holešovice',	'',	1,	'P',	-1,	'2020-11-24 12:30:42.560064+01',	'integration-engine',	NULL,	NULL,	NULL,	'U115L1',	NULL,	NULL,	NULL);

-- <<<

-- >>> FOR SORTED WASTE STATIONS tests

INSERT INTO public.containers_stations (id, code, knsko_id, accessibility, latitude, longitude, address, district, district_code, "source", last_modify, create_batch_id, created_at, created_by, update_batch_id, updated_at, updated_by) VALUES
('0a292077-4dbd-501a-ac60-d11c80e889c5', '0001/ 002', 3498, 1, 50.08703701526253, 14.418698026047796, 'Linhartská 136/6', 'praha-1', 500054, 'ksnko', NULL, -1, '2020-11-23 12:45:34.807', 'integration-engine', -1, '2021-03-02 07:37:12.762', 'integration-engine');

INSERT INTO public.containers_containers (id, code, knsko_id, knsko_code, station_code, total_volume, prediction, bin_type, installed_at, network, cleaning_frequency_interval, cleaning_frequency_frequency, company, container_type, trash_type, "source", create_batch_id, created_at, created_by, update_batch_id, updated_at, updated_by, sensor_id, pick_days) VALUES
('7089c1ba-c2a4-52e9-bd54-9448bfdd7afe', '0001/ 002C01583', 15292, '0001/ 002C01583', '0001/ 002', 3000, NULL, 'Semi-underground', '2019-01-13 01:00:00.000', 'SIGFOX', NULL, NULL, NULL, NULL, 3, 'sensoneo', -1, '2020-11-23 12:45:48.986', 'integration-engine', -1, '2021-02-15 09:23:16.467', 'integration-engine', 30328, '5'),
('0a439b85-30c3-5676-8075-81034e1aed61', 'S0001002TSCV2150SV15291', 15291, 'S0001002TSCV2150SV15291', '0001/ 002', NULL, NULL, NULL, NULL, NULL, 2, 1, NULL, '2150 L Reflex - SV', 7, 'ksnko', -1, '2020-11-23 12:45:48.986', 'integration-engine', -1, '2021-03-02 07:37:26.740', 'integration-engine', NULL, '4');

INSERT INTO public.containers_picks (container_id, container_code, station_code, pick_at, pick_at_utc, percent_before, percent_now, event_driven, decrease, pick_minfilllevel, create_batch_id, created_at, created_by, update_batch_id, updated_at, updated_by) VALUES
('7089c1ba-c2a4-52e9-bd54-9448bfdd7afe', '0001/ 002C01583', '0001/ 002', '2021-01-19 13:48:24.000', '2021-01-19 13:48:24.000', 98, 0, false, 20, 30, NULL, '2021-01-20 08:15:12.040', NULL, NULL, '2021-01-26 08:15:48.314', NULL),
('7089c1ba-c2a4-52e9-bd54-9448bfdd7afe', '0001/ 002C01583', '0001/ 002', '2021-01-22 22:00:55.000', '2021-01-22 22:00:55.000', 21, 0, false, 20, 30, NULL, '2021-01-23 08:15:08.301', NULL, NULL, '2021-01-23 08:15:08.301', NULL),
('7089c1ba-c2a4-52e9-bd54-9448bfdd7afe', '0001/ 002C01583', '0001/ 002', '2021-01-24 21:15:43.000', '2021-01-24 21:15:43.000', 26, 0, false, 20, 30, NULL, '2021-01-25 08:15:16.631', NULL, NULL, '2021-01-25 08:15:16.631', NULL),
('7089c1ba-c2a4-52e9-bd54-9448bfdd7afe', '0001/ 002C01583', '0001/ 002', '2021-02-02 13:22:05.000', '2021-02-02 13:22:05.000', 49, 0, false, 20, 30, NULL, '2021-02-03 08:15:10.177', NULL, NULL, '2021-02-09 08:16:47.952', NULL),
('7089c1ba-c2a4-52e9-bd54-9448bfdd7afe', '0001/ 002C01583', '0001/ 002', '2021-02-04 07:28:38.000', '2021-02-04 07:28:38.000', 30, 1, false, 20, 30, NULL, '2021-02-05 08:15:08.949', NULL, NULL, '2021-02-05 08:15:08.949', NULL);

INSERT INTO public.containers_measurement (container_id, container_code, station_code, percent_calculated, upturned, temperature, battery_status, measured_at, measured_at_utc, prediction, prediction_utc, firealarm, create_batch_id, created_at, created_by, update_batch_id, updated_at, updated_by) VALUES
('7089c1ba-c2a4-52e9-bd54-9448bfdd7afe', '0001/ 002C01583', '0001/ 002', 73, 0, 3, 3.5, '2021-02-02 07:21:08.000', '2021-02-02 07:21:08.000', NULL, NULL, 0, NULL, '2021-02-03 08:09:47.464', NULL, NULL, '2021-02-08 09:32:48.187', NULL),
('7089c1ba-c2a4-52e9-bd54-9448bfdd7afe', '0001/ 002C01583', '0001/ 002', 98, 0, 0, 3.4, '2021-02-08 07:17:23.000', '2021-02-08 07:17:23.000', NULL, NULL, 0, NULL, '2021-02-08 08:22:10.290', NULL, NULL, '2021-02-09 08:17:06.562', NULL);

INSERT INTO public.containers_picks_dates (container_id, pick_date, create_batch_id, created_at, created_by, update_batch_id, updated_at, updated_by) VALUES
('7089c1ba-c2a4-52e9-bd54-9448bfdd7afe', '2121-05-06 14:00:00.000', -1, '2021-03-03 12:23:58.635', 'integration-engine', NULL, NULL, NULL);

--- <<<

-- >>> FOR Parking module test

INSERT INTO public.parkings (id, source, source_id, data_provider, name, category, date_modified, address, location, area_served, payment_url, total_spot_number, create_batch_id, created_at, created_by, update_batch_id, updated_at, updated_by, valid_from, valid_to, tariff_id) VALUES
(1, 'korid', '10', 'www.korid.cz', 'Na Perštýně', NULL, 1614184206236, NULL, 'SRID=4326;POLYGON ((15.058477079866359 50.764621453945274, 15.058514693959768 50.76462152563487, 15.058554180179613 50.764621900783574, 15.058626283309321 50.7646226347964, 15.058701346853194 50.76462159520064, 15.058776737298384 50.764618026799006, 15.058812775811438 50.76461469133624, 15.058822912718657 50.76465695203623, 15.058783838664894 50.76466082677318, 15.058743117269795 50.76466323629539, 15.058704375227238 50.76466458542137, 15.05866541610514 50.76466515003736, 15.058626559240858 50.76466567766573, 15.058587617997263 50.76466539596825, 15.058513079923348 50.764664631419066, 15.05847584612631 50.76466436351429, 15.058477079866359 50.764621453945274, 15.058477079866359 50.764621453945274))'::geometry, NULL, NULL, 9, NULL, '2020-09-07 14:51:40.307', NULL, NULL, '2021-02-24 17:37:14.371', NULL, NULL, NULL, 'b184865e-5a5e-5465-abc1-4fab6bc56a77'),
(2, 'korid', '20', 'www.korid.cz', 'Husova (u nemocnice)', NULL, 1614184206236, NULL, 'SRID=4326;POLYGON ((15.062502659291217 50.770489928646725, 15.062502659291217 50.770489928646725, 15.062514877513413 50.770475464787815, 15.062581794635213 50.77049826073106, 15.062649860572028 50.77051945225214, 15.062721314704385 50.77053616989129, 15.062866130284114 50.77056691550288, 15.062858059655783 50.77058240811945, 15.062712703761884 50.77055201164475, 15.062639428783918 50.77053457887742, 15.062570095936087 50.770512962386164, 15.062502659291217 50.770489928646725), (15.063333627169191 50.77068339655547, 15.06334151399964 50.77066874944876, 15.063552868836394 50.77071451523553, 15.063544982051344 50.77072916234581, 15.063333627169191 50.77068339655547), (15.06402203793059 50.77082695501542, 15.064028816089055 50.77081205354126, 15.064389053210448 50.77087794685548, 15.064382275155646 50.770892848349554, 15.06402203793059 50.77082695501542))'::geometry, NULL, NULL, 13, NULL, '2020-09-07 14:51:40.308', NULL, NULL, '2021-02-24 17:37:14.372', NULL, NULL, NULL, 'b184865e-5a5e-5465-abc1-4fab6bc56a77'),
(3, 'korid', '21', 'www.korid.cz', 'Purkyňova ulice', NULL, 1614184206236, NULL, 'SRID=4326;POLYGON ((15.073535465794144 50.777867143328834, 15.074364650303988 50.77813579123175, 15.074351908646097 50.77815160179682, 15.073522723931404 50.77788295380698, 15.073535465794144 50.777867143328834), (15.074416914065177 50.77817503753822, 15.074429497702463 50.77815935612828, 15.074877094523854 50.77830375040025, 15.07486451099657 50.77831943185654, 15.074416914065177 50.77817503753822), (15.075650733190733 50.77868651870031, 15.075650733190733 50.77868651870031, 15.075564634987378 50.77861045467845, 15.07554201324507 50.77862087663137, 15.075499118355399 50.77858247914091, 15.075484187776214 50.77858944482163, 15.075439271486093 50.778550497382035, 15.075419840628033 50.77855937822567, 15.07537695602758 50.77852084116626, 15.075367120753475 50.778525311406675, 15.075303564462287 50.778468503035036, 15.075300595898385 50.77846615599911, 15.075300381548084 50.77846626713369, 15.075300234820142 50.77846634207723, 15.075281186802224 50.778474938792975, 15.075239435968914 50.77843771729444, 15.075290246614136 50.77841473660306, 15.075335124012991 50.778454153668214, 15.075354558422568 50.7784452488684, 15.075419494920078 50.77850296000166, 15.075429096512892 50.77849851290845, 15.075472261228347 50.778537033865646, 15.075491718741654 50.77852840732294, 15.075535754974565 50.77856669175267, 15.075550961185778 50.77856003875174, 15.075592711076746 50.778597264182665, 15.075594228650798 50.77859843531407, 15.075616936041953 50.77858819748631, 15.075701590126364 50.778663498184564, 15.075650733190733 50.77868651870031), (15.07560156777543 50.778786780162434, 15.075555472608372 50.77876012088723, 15.075653399037733 50.778692051930335, 15.075699494193103 50.77871871116814, 15.07560156777543 50.778786780162434))'::geometry, NULL, NULL, 36, NULL, '2020-09-07 14:51:40.308', NULL, NULL, '2021-02-24 17:37:14.372', NULL, NULL, NULL, NULL),
(4, 'korid', '22', 'www.korid.cz', '1. máje', NULL, 1614184206236, NULL, 'SRID=4326;POLYGON ((15.048722595067447 50.7628457146645, 15.048722595067447 50.7628457146645, 15.048716367962248 50.762775507841255, 15.048714333981806 50.76275172992911, 15.048708229671679 50.7627273495386, 15.048702773889246 50.76270523464775, 15.04868944177133 50.762682678960275, 15.04867244079242 50.76266133636074, 15.04865023927992 50.76264190854471, 15.048649402627722 50.76264118626388, 15.048623574726843 50.762625199920016, 15.048596683892479 50.76261077980552, 15.04859384730661 50.76260985825769, 15.048561836071121 50.76259896923075, 15.0485601909124 50.76259868552474, 15.048489675092718 50.76258643560388, 15.048453440099811 50.76258008299823, 15.048471025844593 50.76253882873844, 15.048578026434075 50.76255720127448, 15.048594207710732 50.76256107058631, 15.048625684902126 50.76257199494989, 15.04866886409942 50.76259326854139, 15.048696211394889 50.76260996068015, 15.048704793973265 50.76261659348581, 15.048726266686511 50.76263471221044, 15.048732389247313 50.76264098464028, 15.048748953217547 50.762661821774046, 15.048752747631736 50.762666098660354, 15.048767166826684 50.76268976425888, 15.048768226638888 50.762692496329485, 15.048782164668745 50.76274633176619, 15.048789999980308 50.76284334276083, 15.048722595067447 50.7628457146645), (15.049380440528726 50.76344758984489, 15.048898232808483 50.763099770866226, 15.048918567269727 50.763088430051425, 15.04940077503638 50.76343624894975, 15.049380440528726 50.76344758984489), (15.050030797711324 50.76391444180497, 15.049437157489526 50.76348812537081, 15.049457464142574 50.76347675036433, 15.050051104402723 50.76390306669833, 15.050030797711324 50.76391444180497), (15.049543289349549 50.76375586697499, 15.04895132968074 50.76333211903317, 15.048971598131555 50.76332072886077, 15.049563557837509 50.76374447670289, 15.049543289349549 50.76375586697499), (15.049969473187774 50.764062225545175, 15.049647751202544 50.76383206153527, 15.049668054031324 50.76382064542361, 15.049989776036675 50.76405080937923, 15.049969473187774 50.764062225545175), (15.051079857038813 50.76466958394885, 15.050704013715515 50.76440055939813, 15.050724440719415 50.76438907978244, 15.05110028407871 50.76465810427945, 15.051079857038813 50.76466958394885))'::geometry, NULL, NULL, 59, NULL, '2020-09-07 14:51:40.308', NULL, NULL, '2021-02-24 17:37:14.373', NULL, NULL, NULL, 'f4de50d9-1f5f-5d76-81a6-e5e8a2aa6d44'),
(5, 'korid', '54', 'www.korid.cz', 'Masarykova ulice', NULL, 1614184206236, NULL, 'SRID=4326;POLYGON ((15.074568223409903 50.77590827454969, 15.074585370561389 50.77586811775529, 15.074947701396539 50.775930320848644, 15.07493055452721 50.7759704777025, 15.074568223409903 50.77590827454969))'::geometry, NULL, NULL, 10, NULL, '2020-09-07 14:51:40.308', NULL, NULL, '2021-02-24 17:37:14.383', NULL, NULL, NULL, NULL),
(6, 'korid', '66', 'www.korid.cz', 'Bedřichov Maliník', NULL, 1614184206236, NULL, 'SRID=4326;POLYGON ((15.12984438981548 50.79081757392241, 15.12984438981548 50.79081757392241, 15.13037179413462 50.790730250342165, 15.130753864365996 50.79092958629554, 15.130713357525435 50.791100395437105, 15.130553614214087 50.79105491924561, 15.13047129608269 50.791119029561514, 15.12984438981548 50.79081757392241))'::geometry, NULL, NULL, 150, NULL, '2020-09-07 14:51:40.309', NULL, NULL, '2021-02-24 17:37:14.383', NULL, NULL, NULL, NULL);

INSERT INTO public.parkings_measurements (id, source, source_id, available_spot_number, closed_spot_number, occupied_spot_number, total_spot_number, date_modified, create_batch_id, created_at, created_by, update_batch_id, updated_at, updated_by) VALUES
(1, 'korid', '20', 5, 0, 8, 13, 1614341086191, NULL, '2021-02-26 13:05:31.484', NULL, NULL, '2021-02-26 13:05:31.484', NULL),
(2, 'korid', '20', 5, 0, 8, 13, 1614341026189, NULL, '2021-02-26 13:03:51.495', NULL, NULL, '2021-02-26 13:03:51.495', NULL),
(3, 'korid', '20', 5, 0, 8, 13, 1614340966188, NULL, '2021-02-26 13:02:51.533', NULL, NULL, '2021-02-26 13:02:51.533', NULL),
(4, 'korid', '20', 4, 0, 9, 13, 1614340906188, NULL, '2021-02-26 13:02:29.160', NULL, NULL, '2021-02-26 13:02:29.160', NULL),
(5, 'korid', '20', 5, 0, 8, 13, 1614340846187, NULL, '2021-02-26 13:00:48.690', NULL, NULL, '2021-02-26 13:00:48.690', NULL),
(6, 'korid', '22', 5, 0, 8, 13, 1614340722311, NULL, '2021-02-26 13:00:48.690', NULL, NULL, '2021-02-26 12:00:00.000', NULL);

INSERT INTO public.parkings_tariffs (id, tariff_id, source, last_updated, payment_mode, payment_additional_description, free_of_charge, url_link_address, charge_band_name, accepts_payment_card, accepts_cash, accepts_mobile_payment, charge_currency, charge, charge_type, charge_order_index, charge_interval, max_iterations_of_charge, min_iterations_of_charge, start_time_of_period, end_time_of_period, allowed_vehicle_type, allowed_fuel_type, create_batch_id, created_at, created_by, update_batch_id, updated_at, updated_by) VALUES
(1, 'b184865e-5a5e-5465-abc1-4fab6bc56a77', 'korid', '2020-10-12 15:19:21.000', '', 'Parkování Liberec', false, 'https://parking.liberec.cz/', 'A', true, true, NULL, 'CZK', 20, 'minimum', 0, NULL, NULL, NULL, NULL, NULL, NULL, NULL, NULL, '2021-03-08 18:31:37.355', NULL, NULL, '2021-03-08 18:31:37.355', NULL),
(2, 'b184865e-5a5e-5465-abc1-4fab6bc56a77', 'korid', '2020-10-12 15:19:21.000', '', 'Parkování Liberec', false, 'https://parking.liberec.cz/', 'A', true, true, NULL, 'CZK', 20, NULL, 1, 1800, 1, NULL, NULL, NULL, NULL, NULL, NULL, '2021-03-08 18:31:37.355', NULL, NULL, '2021-03-08 18:31:37.355', NULL),
(3, 'b184865e-5a5e-5465-abc1-4fab6bc56a77', 'korid', '2020-10-12 15:19:21.000', '', 'Parkování Liberec', false, 'https://parking.liberec.cz/', 'A', true, true, NULL, 'CZK', 40, NULL, 2, 3600, 1, NULL, NULL, NULL, NULL, NULL, NULL, '2021-03-08 18:31:37.355', NULL, NULL, '2021-03-08 18:31:37.355', NULL),
(4, 'b184865e-5a5e-5465-abc1-4fab6bc56a77', 'korid', '2020-10-12 15:19:21.000', '', 'Parkování Liberec', false, 'https://parking.liberec.cz/', 'A', true, true, NULL, 'CZK', 50, NULL, 3, 3600, NULL, NULL, NULL, NULL, NULL, NULL, NULL, '2021-03-08 18:31:37.356', NULL, NULL, '2021-03-08 18:31:37.356', NULL),
(5, 'f4de50d9-1f5f-5d76-81a6-e5e8a2aa6d44', 'korid', '2020-10-12 15:19:21.000', '', 'Parkování Liberec', false, 'https://parking.liberec.cz/', 'B', true, true, NULL, 'CZK', 15, 'minimum', 0, NULL, NULL, NULL, NULL, NULL, NULL, NULL, NULL, '2021-03-08 18:31:37.356', NULL, NULL, '2021-03-08 18:31:37.356', NULL),
(6, 'f4de50d9-1f5f-5d76-81a6-e5e8a2aa6d44', 'korid', '2020-10-12 15:19:21.000', '', 'Parkování Liberec', false, 'https://parking.liberec.cz/', 'B', true, true, NULL, 'CZK', 15, NULL, 1, 1800, 1, NULL, NULL, NULL, NULL, NULL, NULL, '2021-03-08 18:31:37.356', NULL, NULL, '2021-03-08 18:31:37.356', NULL),
(7, 'a5de46c9-4f7i-ad22-81a6-4ca56aa7cb66', 'dirok', '2020-10-12 15:19:21.000', '', 'Parkování Prerov', false, 'https://parking.prerov.cz/', 'C', true, true, NULL, 'CZK', 30, NULL, 0, 3600, NULL, NULL, NULL, NULL, NULL, NULL, NULL, '2021-03-08 18:31:37.356', NULL, NULL, '2021-03-08 18:31:37.356', NULL);

-- <<<
